scenario,timestamp,carbon_intensity
low,2026-01-01 09:00,205
low,2026-01-01 10:00,210
low,2026-01-01 11:00,205
low,2026-01-01 12:00,200
low,2026-01-01 13:00,200
low,2026-01-01 14:00,195
low,2026-01-01 15:00,195
low,2026-01-01 16:00,190
low,2026-01-01 17:00,200
medium,2026-01-01 09:00,230
medium,2026-01-01 10:00,250
medium,2026-01-01 11:00,230
medium,2026-01-01 12:00,210
medium,2026-01-01 13:00,200
medium,2026-01-01 14:00,180
medium,2026-01-01 15:00,160
medium,2026-01-01 16:00,150
medium,2026-01-01 17:00,190
high,2026-01-01 09:00,280
high,2026-01-01 10:00,320
high,2026-01-01 11:00,280
high,2026-01-01 12:00,240
high,2026-01-01 13:00,200
high,2026-01-01 14:00,160
high,2026-01-01 15:00,120
high,2026-01-01 16:00,80
high,2026-01-01 17:00,120