scenario,flexibility_hours,baseline_start,green_start,baseline_emissions_gco2e,green_emissions_gco2e,carbon_saved_gco2e,savings_percent
low,0,2026-01-01 09:00:00,2026-01-01 09:00:00,415.0,415.0,0.0,0.0
low,1,2026-01-01 09:00:00,2026-01-01 09:00:00,415.0,415.0,0.0,0.0
low,3,2026-01-01 09:00:00,2026-01-01 12:00:00,415.0,400.0,15.0,3.614457831325301
low,6,2026-01-01 09:00:00,2026-01-01 15:00:00,415.0,385.0,30.0,7.228915662650602
medium,0,2026-01-01 09:00:00,2026-01-01 09:00:00,480.0,480.0,0.0,0.0
medium,1,2026-01-01 09:00:00,2026-01-01 09:00:00,480.0,480.0,0.0,0.0
medium,3,2026-01-01 09:00:00,2026-01-01 12:00:00,480.0,410.0,70.0,14.583333333333334
medium,6,2026-01-01 09:00:00,2026-01-01 15:00:00,480.0,310.0,170.0,35.41666666666667
high,0,2026-01-01 09:00:00,2026-01-01 09:00:00,600.0,600.0,0.0,0.0
high,1,2026-01-01 09:00:00,2026-01-01 09:00:00,600.0,600.0,0.0,0.0
high,3,2026-01-01 09:00:00,2026-01-01 12:00:00,600.0,440.0,160.0,26.666666666666668
high,6,2026-01-01 09:00:00,2026-01-01 15:00:00,600.0,200.0,400.0,66.66666666666666
